NM_ORIENTADOR,0
ABEL CAVALCANTE LIMA FILHO,7
ADAILSON PEREIRA DE SOUZA,4
ADELAIDE ALVES DIAS,6
ADERBAL MARCOS DE AZEVEDO SILVA,2
ADRIANA DIAS VIEIRA,4
ADRIANA FERREIRA DOS SANTOS,1
ADRIANA FUMI CHIM MIKI,5
ADRIANA SILVA LIMA,2
ADRIANA VALERIA SANTOS DINIZ,3
ADRIANO AZEVEDO GOMES DE LEON,8
ADRIANO ELISIO DE FIGUEIREDO LOPES LUCENA,2
ADRIANO MARTELETO GODINHO,6
ADRIANUS CORNELIUS VAN HAANDEL,5
ALANNIO BARBOSA NOBREGA,2
ALBERICIO PEREIRA DE ANDRADE,4
ALBERTO SOARES DE MELO,1
ALDO LEONARDO CUNHA CALLADO,10
ALECKSANDRA VIEIRA DE LACERDA,3
ALESSANDRA XIMENES DA SILVA,5
ALESSANDRE PEREIRA COLAVITE,6
ALESSANDRO FREDERICO DA SILVEIRA,2
ALESSANDRO LEITE CAVALCANTI,10
ALESSIO TONY CAVALCANTI DE ALMEIDA,1
ALEX DA SILVA BARBOSA,2
ALEXANDRE CESAR CUNHA LEITE,3
ALEXANDRE DA SILVA ROSAS,3
ALEXANDRE DE BUSTAMANTE SIMAS,2
ALEXANDRE EDUARDO DE ARAUJO,2
ALEXANDRE JEAN RENE SERRES,4
ALEXANDRE JOSE DE MELO QUEIROZ,4
ALEXANDRE MAGNO E SILVA FERREIRA,1
ALEXANDRE MAGNO TAVARES DA SILVA,3
ALEXANDRE PAIVA DA SILVA,5
ALEXANDRE REZENDE VIEIRA,11
ALEXANDRE SERGIO SILVA,1
ALEXANDRE VASCONCELLOS,5
ALEXSANDRA CRISTINA CHAVES,4
ALEXSANDRO BEZERRA CAVALCANTI,1
ALEXSANDRO SILVA COURA,3
ALFREDINA DOS SANTOS ARAUJO,2
ALFREDO GOMES NETO,6
ALFREDO ISMAEL CURBELO GARNICA,1
ALFREDO RANGEL RIBEIRO,4
ALINE COSTA FERREIRA,1
ALINE MARIA BATISTA MACHADO,9
ALLAN GEORGE DE CARVALHO FREITAS,2
ALMIR PEREIRA DE SOUZA,2
ALTAMIRA PEREIRA DA SILVA REICHERT,8
ALUISIO BRAZ DE MELO,10
ALUIZIO FREIRE DA SILVA JUNIOR,1
ALYSSON ANDRE REGIS OLIVEIRA,4
ALZIRA KARLA ARAUJO DA SILVA,2
AMANDA CHRISTINNE NASCIMENTO MARQUES,1
AMILCAR RABELO DE QUEIROZ,1
ANA ALAYDE WERBA SALDANHA PICHELLI,12
ANA CAROLINA DANTAS ROCHA CERQUEIRA,3
ANA CAROLINA FIGUEIREDO LACERDA SAKAMOTO,4
ANA CAROLINA KRUTA DE ARAUJO BISPO,1
ANA CELIA RODRIGUES ATHAYDE,2
ANA CLAUDIA CAVALCANTI PEIXOTO DE VASCONCELOS,2
ANA CLAUDIA DA SILVA RODRIGUES,2
ANA CLAUDIA DANTAS DE MEDEIROS,6
ANA CRISTINA DE OLIVEIRA E SILVA,1
ANA CRISTINA FIGUEIREDO DE MELO COSTA,11
ANA CRISTINA MARINHO LUCIO,2
ANA FLAVIA GRANVILLE GARCIA,12
ANA LUCIA DE ARAUJO LIMA COELHO,3
ANA LUISA CELINO COUTINHO,4
ANA MARIA VEIGA,3
ANA MARLY ARAUJO MAIA AMORIM,2
ANA PAULA BASSO,2
ANA PAULA BISPO DA SILVA,1
ANA PAULA FURTADO SOARES PONTES,3
ANA PAULA PINTADO WYSE,1
ANA PAULA ROCHA DE SALES MIRANDA,2
ANA PAULA RODRIGUES CAVALCANTI,1
ANA PAULA TRINDADE ROCHA,7
ANA RAQUEL PEREIRA DE ATAIDE,7
ANA RAQUEL ROSAS TORRES,10
ANA ROBERTA DA SILVA PAULINO,3
ANABELLE CAMAROTTI DE LIMA BATISTA,5
ANAND SUBRAMANIAN,1
ANCELIO RICARDO DE OLIVEIRA GONDIM,1
ANDERSON DARC FERREIRA,1
ANDRE GUSTAVO CARVALHO MACHADO,3
ANDRE LEANDRO DA SILVA,2
ANDRE LUIZ MACHADO PESSANHA,6
ANDRE RICARDO FONSECA DA SILVA,1
ANDRE ULISSES DANTAS BATISTA,5
ANDREA CARLA LIMA RODRIGUES,1
ANDREA DE LUCENA LIRA,4
ANDREI GUILHERME LOPES,1
ANDREY ELISIO MONTEIRO BRITO,5
ANGELA MARIA CAVALCANTI RAMALHO,2
ANGELA MARIA TRIBUZY DE MAGALHAES CORDEIRO,5
ANGELINA DIAS LEAO COSTA,5
ANGELO EMILIO DA SILVA PESSOA,4
ANGELO PERKUSICH,5
ANGELO VIEIRA MENDONCA,6
ANIELSON BARBOSA DA SILVA,2
ANIERES BARBOSA DA SILVA,1
ANISIO JOSE DA SILVA ARAUJO,6
ANNA ALICE FIGUEIREDO DE ALMEIDA QUEIROZ,12
ANNE ISABELLEY GONDIM DE FARIAS,2
ANNE JAQUELYNE ROQUE BARRETO,2
ANTONIA ARISDELIA FONSECA MATIAS AGUIAR FEITOSA,3
ANTONIA LUCIA DE SOUZA,3
ANTONIO ALMEIDA SILVA,4
ANTONIO ANDRE CUNHA CALLADO,1
ANTONIO CARLOS BRANDAO DE ARAUJO,4
ANTONIO CARLOS DE MELO MAGALHAES,4
ANTONIO CARLOS FERREIRA PINHEIRO,6
ANTONIO CARLOS PINHEIRO,5
ANTONIO DE PÁDUA DIAS DA SILVA,9
ANTONIO FERNANDES FILHO,1
ANTONIO FLAVIO MEDEIROS DANTAS,4
ANTONIO GILSON BARBOSA DE LIMA,10
ANTONIO GIOVANNI BOAES GONCALVES,3
ANTONIO LUCINEUDO DE OLIVEIRA FREIRE,2
ANTONIO MARCUS NOGUEIRA LIMA,2
ANTONIO ROBERTO FAUSTINO DA COSTA,3
ANTONIO TAVERNARD PEREIRA NETO,1
ARDIGLEUSA ALVES COELHO,3
ARILSON SILVA DE OLIVEIRA,1
ARIOSVALDO NUNES DE MEDEIROS,8
ARTURO GOUVEIA DE ARAUJO,12
ARY DA SILVA MAIA,2
AUGUSTO WAGNER MENEZES TEIXEIRA JUNIOR,1
AURELIO MENEGON NETO,10
AZEMAR DOS SANTOS SOARES JUNIOR,3
BARTOLOMEU ISRAEL DE SOUZA,8
BASILIO BASEIA,3
BELISIA LUCIA MOREIRA TOSCANO DINIZ,1
BENEMAR ALENCAR DE SOUZA,5
BERNADETE DE LOURDES FIGUEIREDO DE ALMEIDA,5
BERNARDINA MARIA JUVENAL FREIRE DE OLIVEIRA,3
BERNARDINO FERNANDEZ CALVO,2
BERNARDO BARBOSA DA SILVA,4
BERTULIO DE LIMA BERNARDO,2
BETANIA PASSOS MEDRADO,7
BETTO LEITE DA SILVA,1
BIANCA DE FREITAS TERRA,2
BOLIVAR PONCIANO GOULART DE LIMA DAMASCENO,3
BONIFACIO BENICIO DE SOUZA,6
BRAULIO ALMEIDA SANTOS,4
BRUNO FERREIRA FRASCAROLI,1
BRUNO HENRIQUE ANDRADE GALVAO,6
BRUNO HENRIQUE CARVALHO RIBEIRO,2
BRUNO MEDEIROS ROLDAO DE ARAUJO,1
CAMILA CUNICO,2
CAMILO ALLYSON SIMOES DE FARIAS,1
CARLA ALECSANDRA DE MELO BONIFACIO,3
CARLA ALEXANDRA DA SILVA MOITA MINERVINO,2
CARLA CAMPOS MUNIZ MEDEIROS,2
CARLA LYNN REICHMANN,3
CARLA PATRICIA DE ARAUJO PEREIRA,3
CARLA SORAIA SOARES DE CASTRO,3
CARLOS ALBERTO DE ALMEIDA GADELHA,4
CARLOS ALBERTO DOMINGUES DA SILVA,2
CARLOS ALBERTO VIEIRA DE AZEVEDO,6
CARLOS ANDRE MACEDO CAVALCANTI,7
CARLOS ANTONIO CABRAL DOS SANTOS,11
CARLOS ANTONIO COSTA DOS SANTOS,12
CARLOS ANTONIO PEREIRA DE LIMA,4
CARLOS AUGUSTO DE AMORIM CARDOSO,3
CARLOS AUGUSTO ROMERO FILHO,3
CARLOS BARROS DE ARAUJO,5
CARLOS BOCKER NETO,1
CARLOS DANILO MIRANDA REGIS,2
CARLOS DE OLIVEIRA GALVAO,3
CARLOS EDUARDO CAVALCANTE,5
CARLOS EDUARDO COELHO FREIRE BATISTA,2
CARLOS EDUARDO PIMENTEL,5
CARLOS EDUARDO SANTOS PIRES,5
CARLOS ENRIQUE RUIZ FERREIRA,2
CARLOS HENRIQUE SALVINO GADELHA MENESES,1
CARLOS JOSE DE ARAUJO,4
CARLOS WILSON DANTAS DE ALMEIDA,1
CAROLINA DIAS LARANJEIRA,5
CAROLINE DELEVATI COLPO,1
CASSIANO FRANCISCO WEEGE NONAKA,6
CASSIO DA NOBREGA BESARRIA,6
CELIA CAMPOS BRAGA,8
CELSO AUGUSTO GUIMARAES SANTOS,2
CELSO JOSE BRUNO DE OLIVEIRA,3
CHARLITON JOSE DOS SANTOS MACHADO,3
CICERO DA ROCHA SOUTO,12
CICERO ROBERTO PEREIRA,10
CIDOVAL MORAIS DE SOUSA,3
CLARICE MARIA DE LUCENA MARTINS,1
CLAUDEMIR FIDELIS BEZERRA JUNIOR,4
CLAUDIA COUTINHO NOBREGA,3
CLAUDIA ENGLER CURY,5
CLAUDIA MARIA COSTA GOMES,2
CLAUDIA SANTOS MARTINIANO SOUSA,8
CLAUDIANOR OLIVEIRA ALVES,4
CLAUDIO DE SOUZA BAPTISTA,1
CLAUDIO GABRIEL LIMA JUNIOR,2
CLAUDIO JAVIER TABLADA,1
CLAUIRTON DE ALBUQUERQUE SIEBRA,1
CLEBERT JOSE ALVES,9
CLEONICE PEREIRA DOS SANTOS CAMINO,1
CLEONILSON PROTASIO DE SOUZA,1
CLETO BRASILEIRO MIRANDA NETO,2
CLEUMAR DA SILVA MOREIRA,5
CLOVIS ALBERTO VIEIRA DE MELO,3
CRISLENE RODRIGUES DA SILVA MORAIS,11
CRISTIANO DAS NEVES ALMEIDA,7
CURSINO BRANDAO JACOBINA,8
DAIANE MEDEIROS DA SILVA,3
DAISE LILIAN FONSECA DIAS,1
DALIANA QUEIROGA DE CASTRO GOMES,2
DALTON DARIO SEREY GUERRERO,3
DAMASIO FERNANDES JUNIOR,2
DAMIAO DE LIMA,2
DAMIAO JUNIO GONCALVES ARAUJO,2
DAMIAO PERGENTINO DE SOUSA,5
DANIEL ANTONIO DE SOUSA ALVES,5
DANIEL CORDEIRO DE MORAIS FILHO,3
DANIEL MARINHO PELLEGRINO,6
DANIEL OLIVEIRA MESQUITA,3
DANIEL SCHERER,1
DANIELA MARIA SEGABINAZI,3
DANIELA PITA DE MELO,9
DANIELE JOVEM DA SILVA AZEVEDO,2
DANIELLE BARBOSA LINS DE ALMEIDA,3
DANIELLE FRANKLIN DE CARVALHO,6
DANIELLE GUEDES DE LIMA CAVALCANTE,3
DANILA BARREIRO CAMPOS,3
DANILO DE ALMEIDA VASCONCELOS,2
DANILO JOSE AYRES DE MENEZES,2
DANNIEL FERREIRA DE OLIVEIRA,4
DARCON SOUSA,2
DARLENE CAMATI PERSUHN,5
DEBORA RAQUEL SOARES GUEDES TRIGUEIRO,3
DEGMAR FRANCISCA DOS ANJOS,4
DEISE MARA BARBOSA DE ALMEIDA,1
DENILSON DA SILVA PEREIRA COSTA,1
DENILSON PEREIRA DE MATOS,7
DENISE DIAS DA CRUZ,3
DERMEVAL ARAUJO FURTADO,10
DERMEVAL DA HORA OLIVEIRA,2
DIEGO ALEJANDRO COGOLLO APONTE,6
DIMAS BARRETO DE QUEIROZ,1
DIOGENES ANDRE VIEIRA MACIEL,9
DIOGO GONCALVES NEDER,1
DIONISIO BAZEIA FILHO,4
DIVANILDA MAIA ESTEVES,1
DORALICE SÁTYRO MAIA,4
DOUGLAS ZEPPELINI FILHO,1
EDCLEIDE MARIA ARAUJO,3
EDELTRUDES DE OLIVEIRA LIMA,4
EDGARD DE MACEDO SILVA,3
EDILMA DE LUCENA CATANDUBA,2
EDILSON PAES SARAIVA,7
EDILSON PAULO,3
EDINEIDE JEZINI MESQUITA ARAUJO,5
EDISON ROBERTO CABRAL DA SILVA,3
EDIVANIO DUARTE DE SOUZA,3
EDJA MARIA MELO DE BRITO COSTA,6
EDMAR CANDEIA GURJAO,2
EDNA URSULINO ALVES,6
EDNALVA MACIEL NEVES,5
EDSON GUEDES DA COSTA,3
EDSON HELY SILVA,1
EDSON MAURO SANTOS,6
EDUARDO GOMES ONOFRE,2
EDUARDO GONCALVES DOS SANTOS,6
EDUARDO JORGE LOPES DA SILVA,4
EDUARDO MARCOS RODRIGUES DOS PASSOS,1
EDUARDO RAMALHO RABENHORST,4
EDUARDO RODRIGUES VIANA DE LIMA,11
EDUARDO SERGIO SOARES SOUSA,2
EDVALDO CARVALHO ALVES,10
EDVALDO MESQUITA BELTRAO FILHO,3
EDVAN CIRINO DA SILVA,4
EDVAN CRUZ AGUIAR,4
ELAINE CRISTINA CINTRA,2
ELAINE FOLLY RAMOS,1
ELDINE GOMES DE MIRANDA NETO,7
ELI BRANDAO DA SILVA,12
ELI ERI LUIZ DE MOURA,4
ELIANE BEZERRA PAIVA,1
ELIDA BARBOSA CORREA,1
ELIETE LIMA DE PAULA ZARATE,3
ELIO CHAVES FLORES,5
ELISA MARIANA DE MEDEIROS NOBREGA,4
ELISA PEREIRA GONSALVES,1
ELISANGELA MARIA RODRIGUES ROCHA,3
ELITON SOUTO DE MEDEIROS,4
ELIZABETH CHRISTINA DE ANDRADE LIMA,4
ELIZANILDA RAMALHO DO REGO,1
ELQUIO ELEAMEN OLIVEIRA,2
ELRI BANDEIRA DE SOUSA,1
EMEIDE NOBREGA DUARTE,1
EMILIA DE RODAT FERNANDES MOREIRA,6
EMILIA MARIA DA TRINDADE PRESTES,7
EMMANUELLE ARNAUD ALMEIDA,2
ENEAS RICARDO DE MORAIS GOMES,6
ENEIDA OLIVEIRA DORNELLAS DE CARVALHO,1
ENOQUE FEITOSA SOBREIRA FILHO,12
ERALDO ALMEIDA LIMA JUNIOR,6
ERCULES EPAMINONDAS DE SOUSA TEOTONIO,4
ERENILDO JOAO CARLOS,11
ERIK ALENCAR DE FIGUEIREDO,6
ERINALDO ALVES DO NASCIMENTO,2
ERIVALDO PEREIRA DO NASCIMENTO,3
EUNICE SIMOES LINS,3
EVANDRO LEITE DE SOUZA,11
EVANGELINA MARIA BRITO DE FARIA,2
EVERALDO SOUTO DE MEDEIROS,2
EVERTON LEANDRO GALDINO ALVES,1
EVERTON VIEIRA DA SILVA,5
EXPEDITO FERRAZ JUNIOR,4
FABIANA CARDOSO DE SIQUEIRA,1
FABIANA DE ANDRADE CAVALCANTE OLIVEIRA,2
FABIANA LOPES ROCHA,1
FABIANA SENA DA SILVA,3
FABIANO CUSTODIO DE OLIVEIRA,1
FABIANO SALVADORI,1
FABIO ANDERSON PEREIRA DA SILVA,5
FABIO CORREIA SAMPAIO,2
FABIO HENRIQUE GOMES RIBEIRO,4
FABIO LEAL DE MELO DAHIA,3
FABIO MARQUES DE SOUZA,4
FABIO REIS DOS SANTOS,2
FABIO RODRIGO FERREIRA NOBRE,1
FABIO YUZO NAKAMURA,1
FABIOLA DA SILVA ALBUQUERQUE,4
FABIOLA DE SOUSA BRAZ AQUINO,2
FABIOLA DIAS DA SILVA CURBELO,1
FABRICIO POSSEBON,6
FARINALDO DA SILVA QUEIROZ,4
FAUSTHON FRED DA SILVA,2
FAUSTINO TEATINO CAVALCANTE NETO,1
FERNANDA LEMOS,9
FERNANDO ANTONIO ABATH LUNA CARDOSO CANANEA,6
FERNANDO CEZAR BEZERRA DE ANDRADE,3
FERNANDO FERNANDES VIEIRA,4
FERNANDO FIRMINO DA SILVA,4
FERNANDO GUILHERME PERAZZO COSTA,6
FERNANDO JOAQUIM FERREIRA MAIA,2
FERNANDO SCHRAMM,2
FILLIPE SILVEIRA MARINI,2
FILOMENA MARIA GONCALVES DA SILVA CORDEIRO MOITA,2
FLANK DAVID MORAIS BEZERRA,6
FLAVIA DE OLIVEIRA PAULINO,4
FLAVIA DE PAIVA MEDEIROS DE OLIVEIRA,4
FLAVIA FERREIRA PIRES,3
FLAVIO FREITAS BARBOSA,2
FLAVIO PERAZZO BARBOSA MOTA,1
FLAVIO PEREIRA DE OLIVEIRA,3
FLÁVIO LUIZ HONORATO DA SILVA,12
FRANCINALDO DO MONTE PINTO,1
FRANCISCA ZULEIDE DUARTE DE SOUZA,7
FRANCISCLEUDO BEZERRA DA COSTA,4
FRANCISCO ANTONIO BELO,4
FRANCISCO BEZERRA NETO,2
FRANCISCO DE ASSIS DE BRITO,5
FRANCISCO DE ASSIS SALVIANO DE SOUSA,4
FRANCISCO EDUARDO VIEIRA DA SILVA,2
FRANCISCO FERREIRA DANTAS FILHO,8
FRANCISCO JOSE CORREIA FARIAS,2
FRANCISCO JOSE DA COSTA,7
FRANCISCO VILAR BRASILEIRO,4
FRANCIVALDO GOMES MOURA,2
FRANKLIN DE SOUZA RAMALHO,5
FRANKLIN DELANO SOARES FORTE,3
FREDYS ORLANDO SORTO,4
GABRIEL RODRIGUES NETO,3
GABRIELA MARIA CAVALCANTI COSTA,2
GABRIELA NORONHA DE TOLEDO,2
GELMIRES DE ARAUJO NEVES,3
GEORGE RODRIGO BELTRAO DA CRUZ,1
GEOVANI SOARES DE LIMA,2
GERALDA MEDEIROS NOBREGA,8
GERALDO EDUARDO GUEDES DE BRITO,2
GERD BRUNO DA ROCHA,1
GESINALDO ATAIDE CANDIDO,12
GICIANE CARVALHO VIEIRA,1
GILBERTO FARIAS DE SOUSA FILHO,3
GILBRAZ DE SOUZA ARAGAO,3
GILCEAN SILVA ALVES,4
GILFRANCO LUCENA DOS SANTOS,1
GILMAR TRINDADE DE ARAUJO,3
GILSON BARBOSA ATHAYDE JUNIOR,4
GILVAN DE MELO SANTOS,1
GIORVAN ANDERSON DOS SANTOS ALVES,3
GISELE ROCHA CORTES,2
GIUSEPPE TOSI,2
GIVANILDO ALVES DE AZEREDO,4
GLAUBER DE LUCENA CORDEIRO,1
GLEDSON ELIAS DA SILVEIRA,1
GLORIA DE LOURDES FREIRE RABAY,4
GRACIELE DA SILVA CAMPELO BORGES,4
GRACY KELLI MARTINS GONCALVES,3
GUIDO LEMOS DE SOUZA FILHO,2
GUILHERME ATAIDE DIAS,2
GUILHERME BARBOSA SCHULZE,4
GUSTAVO BARBOSA DE MESQUITA BATISTA,3
GUSTAVO BARBOSA LIMA SILVA,4
GUSTAVO FERREIRA DA COSTA LIMA,5
GUSTAVO HENRIQUE MATOS BEZERRA MOTTA,1
HAMILCAR JOSE ALMEIDA FILGUEIRA,2
HANNALICE GOTTSCHALCK CAVALCANTI,4
HANS RAJ GHEYI,4
HARLEY DA SILVA ALVES,1
HEBER PIMENTEL GOMES,12
HEBER SIVINI FERREIRA,2
HELDER FARIAS PEREIRA DE ARAUJO,1
HELENO BISPO DA SILVA JUNIOR,2
HELEODORIO HONORATO DOS SANTOS,1
HELVIA WALEWSKA CASULLO DE ARAUJO CARVALHO,1
HEMERSON IURY FERREIRA MAGALHAES,4
HEMILIO FERNANDES CAMPOS COELHO,4
HENRY IURE DE PAIVA SILVA,1
HENRY PONCIO CRUZ DE OLIVEIRA,5
HERICA PAIVA PEREIRA,3
HERMAN MARTINS GOMES,3
HERMANO DE FRANCA RODRIGUES,10
HERMES ALVES DE ALMEIDA,2
HIDELBRANDO JOSE FARKAT DIOGENES,3
HILTON MARTINS DE BRITO RAMALHO,4
HUGO LEONARDO DAVI DE SOUZA CAVALCANTE,1
HUGO ORLANDO CARVALLO GUERRA,4
HYGGO OLIVEIRA DE ALMEIDA,3
IANA ALEXANDRA ALVES RUFINO,1
IARA FERREIRA DE MELO MARTINS,2
IDALINA MARIA FREITAS LIMA SANTIAGO,1
IEDA MARIA GARCIA DOS SANTOS,8
IGARA OLIVEIRA LIMA,2
IGO PAULINO DA SILVA,2
ILDA ANTONIETA SALATA TOSCANO,1
INACIO JOSE CLEMENTINO,2
INGRID MOURA WANDERLEY,1
IRAQUITAN DE OLIVEIRA CAMINHA,3
ISA MARIA FREIRE,4
ISAAC ALEXANDRE DA SILVA,2
ISAAC SOARES DE FREITAS,4
ISABEL LAUSANNE FONTGALLAND,4
ISABELLA CHIANCA BESSA RIBEIRO DO VALLE,1
ISABELLE CAHINO DELGADO,1
ISAC ALMEIDA DE MEDEIROS,1
ISIS TATIANE DE BARROS MACEDO VELOSO,2
ITALO FITTIPALDI,5
ITAMAR FERREIRA DA SILVA,3
IVAN TARGINO MOREIRA,5
IVONETE ALVES BAKKE,1
IVONETE BATISTA DOS SANTOS,3
IVONILDES DA SILVA FONSECA,1
IZABEL FRANCA DE LIMA,3
JACINTO DE LUNA BATISTA,4
JACIRA DOS SANTOS OLIVEIRA,2
JACOB SILVA SOUTO,3
JACYARA FARIAS SOUZA MARQUES,2
JAILANE DE SOUZA AQUINO,4
JAILTON MACENA DE ARAUJO,2
JAIME ALVES BARBOSA SOBRINHO,2
JAIRO ROCHA DE FARIA,1
JALDES REIS DE MENESES,10
JANINE MARTA COELHO RODRIGUES,8
JARDEL DE FREITAS SOARES,1
JEAN CARLO DE CARVALHO COSTA,7
JEANE FELIX DA SILVA,6
JEFFERSON COSTA E SILVA,5
JEVUKS MATHEUS DE ARAUJO,6
JOABSON NOGUEIRA DE CARVALHO,1
JOANA BELARMINO DE SOUSA,1
JOANA COELI RIBEIRO GARCIA,2
JOAO AGNALDO DO NASCIMENTO,12
JOAO ALVES DE LIMA,2
JOAO ARTHUR BRUNET MONTEIRO,1
JOAO AUGUSTO OSHIRO JUNIOR,2
JOAO BATISTA GONCALVES BUENO,3
JOAO CARLOS GOMES BORGES,2
JOAO DE LIMA GOMES,1
JOAO MARCOS BEZERRA DO O,10
JOAO MIGUEL DE MORAES NETO,3
JOAO RAFAEL LUCIO DOS SANTOS,2
JOAO WANDEMBERG GONCALVES MACIEL,2
JOEDLA RODRIGUES DE LIMA,2
JOEDSON SILVA DOS SANTOS,7
JOEL SILVA DOS SANTOS,1
JOHN KENNEDY GUEDES RODRIGUES,3
JOHNNI LANGER,3
JONAS OTAVIANO PRACA DE SOUZA,4
JORDEANA DAVI PEREIRA,5
JORGE FERNANDO HERMIDA AVEIRO,1
JORGE GABRIEL GOMES DE SOUZA RAMOS,5
JOSE AMANCIO TONEZZI RODRIGUES PEREIRA,5
JOSE ANTAO BELTRAO MOURA,1
JOSE AUGUSTO DE OLIVEIRA NETO,2
JOSE CAZUZA DE FARIAS JUNIOR,4
JOSE CEZARIO DE ALMEIDA,1
JOSE DANTAS NETO,12
JOSE DE ARIMATEIA FERNANDES,1
JOSE DOMINGOS RIBEIRO NETO,4
JOSE EDILSON DE AMORIM,4
JOSE ERNESTO PIMENTEL FILHO,2
JOSE ETHAM DE LUCENA BARBOSA,9
JOSE FABIO PAULINO DE MOURA,2
JOSE FELIX DE BRITO NETO,1
JOSE FERNANDO LEITE AIRES,1
JOSE FERRARI NETO,12
JOSE FIDELES FILHO,2
JOSE GERMANO VERAS NETO,1
JOSE HELDER PINHEIRO ALVES,6
JOSE HUMBERTO VILAR DA SILVA,12
JOSE IRANILDO MIRANDA DE MELO,2
JOSE IRIVALDO ALVES DE OLIVEIRA SILVA,1
JOSE IVALDO BARBOSA DE BRITO,6
JOSE JAILSON NICACIO ALVES,5
JOSE JAMILTON RODRIGUES DOS SANTOS,2
JOSE JASSUIPE DA SILVA MORAIS,2
JOSE JOAO LELIS LEAL DE SOUZA,2
JOSE JOELSON PIMENTEL DE ALMEIDA,9
JOSE JORDAO FILHO,2
JOSE LAMARTINE DA COSTA BARBOSA,4
JOSE LEONARDO ROLIM DE LIMA SEVERO,1
JOSE LUCIANO ALBINO BARBOSA,5
JOSE LUIZ DE BRITO ALVES,5
JOSE MARCIANO MONTEIRO,2
JOSE MARIA BARBOSA FILHO,5
JOSE MARIA DE JESUS IZQUIERDO VILLOTA,10
JOSE MARIA PEREIRA DA NOBREGA JUNIOR,3
JOSE MAURICIO ALVES DE MATOS GURGEL,3
JOSE MAURO MATHEUS LOUREIRO,3
JOSE MORAIS PEREIRA FILHO,4
JOSE NILTON SILVA,1
JOSE PINHEIRO LOPES NETO,12
JOSE ROBERTO SOARES DO NASCIMENTO,3
JOSE SERGIO DA ROCHA NETO,3
JOSE SOARES DO NASCIMENTO,3
JOSE TAVARES DE SOUSA,5
JOSE WALLACE BARBOSA DO NASCIMENTO,12
JOSE WASHINGTON DE MORAIS MEDEIROS,4
JOSEAN FECHINE TAVARES,4
JOSEANA MACEDO FECHINE,1
JOSELINE MOLOZZI,4
JOSEMIR MOURA MAIA,1
JOSERLAN NONATO MOREIRA,1
JOSEVAL DOS REIS MIRANDA,3
JOSEVANIA DA SILVA,2
JOSIANE DE CAMPOS CRUZ,1
JOSIAS DE CASTRO GALVAO,1
JOSILENE DE ASSIS CAVALCANTE,6
JOSILENE PINHEIRO MARIZ,4
JOSIVANDA PALMEIRA GOMES,12
JOZEMAR PEREIRA DOS SANTOS,3
JOZINETE VIEIRA PEREIRA,3
JUAN MOISES MAURICIO VILLANUEVA,3
JUAREZ NOGUEIRA LINS,1
JUCIANE ARALDI BELTRAME,1
JUCIENE RICARTE APOLINARIO,1
JULIANA KESSIA BARBOSA SOARES MOREIRA,12
JULIO RIQUE NETO,4
JULIO SANTOS REBOUCAS,4
JUSCELINO DE FARIAS MARIBONDO,1
JUSSARA SILVA DANTAS,4
KAROLINE DANTAS BRITO,3
KATIA MESSIAS BICHINHO,1
KATIA NEYLA DE FREITAS MACEDO COSTA,6
KATIA SUELY QUEIROZ SILVA RIBEIRO,12
KELLY CRISTIANE GOMES DA SILVA,8
KELLY CRISTINA COSTA SOARES,1
KEPLER BORGES FRANCA,9
KILSON PINHEIRO LOPES,2
KLEBER JUVENAL SILVA FARIAS,2
KYLLER COSTA GORGONIO,4
LAERCIO LOSANO,1
LAURENIA SOUTO SALES,2
LAURIANE ALMEIDA DOS ANJOS SOARES,6
LEANDRO BALBY MARINHO,6
LEANDRO CALEGARI,1
LEANDRO DE ARAUJO PERNAMBUCO,5
LEDA CHRISTIANE DE FIGUEIREDO LOPES LUCENA,2
LEILSON ROCHA BEZERRA,4
LEMUEL DOURADO GUERRA SOBRINHO,6
LEON VICTOR DE QUEIROZ BARBOSA,4
LEONARDO DE ARAUJO E MOTA,4
LEONARDO PESSOA FELIX,1
LEONARDO WANDERLEY LOPES,5
LEONIDAS JOSE DA SILVA JUNIOR,2
LIANE SCHNEIDER,8
LIBIA DE SOUSA CONRADO OLIVEIRA,10
LILIANA DE FATIMA BEZERRA LIRA DE PONTES,1
LINDUARTE PEREIRA RODRIGUES,2
LIRIA DE ARAUJO MORAIS,2
LISIANE NAVARRO DE LIMA SANTANA,5
LIVIA MARIA RODRIGUES SAMPAIO CAMPOS,1
LIZANDRA SERAFIM,2
LIZIANE MARIA DE LIMA,1
LOURIVALDO MOTA LIMA,2
LUCIA HELENA GAROFALO CHAVES,6
LUCIA SANTANA DE FREITAS,4
LUCIANA APARECIDA ALIAGA AZARA DE OLIVEIRA,2
LUCIANA BORRE NUNES,1
LUCIANA DE OLIVEIRA CHIANCA,2
LUCIANA ELEONORA DE FREITAS CALADO DEPLAGNE,10
LUCIANA MARIA RIBEIRO DE OLIVEIRA,1
LUCIANA VIANA AMORIM,5
LUCIANE ALVES SANTOS,3
LUCIANO BARBOSA JUSTINO,12
LUCIANO BEZERRA GOMES,1
LUCIANO DA SILVA,3
LUCIANO DO NASCIMENTO SILVA,11
LUCIANO MARIZ MAIA,2
LUCIDIO DOS ANJOS FORMIGA CABRAL,1
LUCILA CHEBEL LABAKI,2
LUCILENE KLENIA RODRIGUES BANDEIRA,1
LUCINEIDE BALBINO DA SILVA,2
LUCIO ROBERTO CANCADO CASTELLANO,1
LUIS CEZAR RODRIGUES,1
LUIS FERNANDO MARQUES DOS SANTOS,1
LUIS GONZAGA SALES VASCONCELOS,1
LUIS HENRIQUE HERMINIO CUNHA,2
LUISA DE MARILLAC RAMOS SOARES,2
LUIZ ANTONIO DA SILVA MEDEIROS,1
LUIZ ANTONIO MOUSINHO MAGALHAES,12
LUIZ CARLOS SERRAMO LOPEZ,4
LUIZ CUSTODIO DA SILVA,4
LUIZ DE SOUSA JUNIOR,3
LUIZ FERNANDO CARVALHO LEITE,3
LUIZ GONZAGA GONCALVES,2
LUIZ MOREIRA COELHO JUNIOR,1
LUIZ RENATO REGIS DE OLIVEIRA LIMA,1
LUSIVAL ANTONIO BARCELLOS,3
LUZIANA RAMALHO RIBEIRO,10
MADSON TAVARES SILVA,8
MAGALY DE FATIMA CORREIA,6
MAILSON MONTEIRO DO REGO,6
MANASSES XAVIER DE SOUZA,8
MANOEL BANDEIRA DE ALBUQUERQUE,6
MANOEL FERREIRA DOS SANTOS NETO,2
MANUEL ANTONIO GORDON NUNEZ,2
MARCAL ROSAS FLORENTINO LIMA FILHO,3
MARCEL VIEIRA BARRETO SILVA,6
MARCELA ZAMBONI LUCENA,9
MARCELO AUGUSTO OLIVEIRA DE SALES,2
MARCELO CAVALCANTI RODRIGUES,4
MARCELO DE SOUZA BISPO,3
MARCELO JORGE CAVALCANTI DE SA,4
MARCELO MEDEIROS DA SILVA,2
MARCELO NOGUEIRA DE CARVALHO KOKUBUM,2
MARCELO SAMPAIO DE ALENCAR,11
MARCELO SILVEIRA RABELLO,2
MARCELO SOBRAL DA SILVA,8
MARCIA ADELINO DA SILVA DIAS,3
MARCIA ALMEIDA DE MELO,8
MARCIA REGINA PIUVEZAM,6
MARCIA REIS MACHADO,9
MARCIA TAVARES SILVA,4
MARCIANE MAGNANI,12
MARCILIO TOSCANO FRANCA FILHO,8
MARCIO SILVA SANTOS,4
MARCKSON ROBERTO FERREIRA DE SOUSA,2
MARCO ANTONIO MARGARIDO COSTA,4
MARCO AURELIO PAZ TELLA,1
MARCONI JOSE PIMENTEL PEQUENO,2
MARCOS ALEXANDRE DA FRANCA PEREIRA,3
MARCOS ANTONIO ANACLETO,4
MARCOS ANTONIO DA SILVA,1
MARCOS ANTONIO NICOLAU,1
MARCOS ELI BUZANSKAS,2
MARCUS BESSA DE MENEZES,4
MARCUS TULLIUS SCOTTI,4
MARCUS VINICIUS LIA FOOK,12
MARGARETH DE FATIMA FORMIGA MELO DINIZ,2
MARIA ADAILZA MARTINS DE ALBUQUERQUE,4
MARIA ADELAIDE SILVA PAREDES MOREIRA,3
MARIA ALVES DE AZEREDO,1
MARIA AUXILIADORA COELHO DE LIMA,2
MARIA AVANY BEZERRA GUSMAO,2
MARIA CLAURENIA ABREU DE ANDRADE SILVEIRA,3
MARIA CLEIDE RODRIGUES BERNARDINO,2
MARIA CREUSA DE ARAUJO BORGES,2
MARIA CRISTINA BASILIO CRISPIM DA SILVA,12
MARIA DA CONCEICAO DE MENEZES TORRES,2
MARIA DA CONCEICAO GOMES DE MIRANDA,2
MARIA DA CONCEICAO RODRIGUES GONCALVES,1
MARIA DA LUZ OLEGARIO,2
MARIA DA SALETE BARBOZA DE FARIAS,1
MARIA DAS GRACAS DE ALMEIDA BAPTISTA,4
MARIA DAS GRACAS GONCALVES VIEIRA GUERRA,4
MARIA DE ASSUNCAO LIMA DE PAULO,3
MARIA DE FATIMA ALMEIDA,1
MARIA DE FATIMA CAMAROTTI,5
MARIA DE FATIMA DE SOUZA AQUINO,3
MARIA DE FATIMA FERNANDES MARTINS CATAO,1
MARIA DE FATIMA FERREIRA RODRIGUES,1
MARIA DE FATIMA MARTINS,2
MARIA DE FATIMA PEREIRA ALBERTO,7
MARIA DE FATIMA VANDERLEI DE SOUZA,3
MARIA DE FÁTIMA AGRA,2
MARIA DE FÁTIMA BARBOSA DE MESQUITA BATISTA,11
MARIA DE LOURDES SOARES,4
MARIA DE NAZARE TAVARES ZENAIDE,7
MARIA DEL PILAR ROCA ESCALANTE,11
MARIA DJAIR DIAS,8
MARIA DO CARMO EULALIO,2
MARIA DO SOCORRO BRASILEIRO,1
MARIA DO SOCORRO DE SOUZA VIEIRA,5
MARIA DO SOCORRO SILVA DE ARAGAO,2
MARIA DO SOCORRO VIEIRA PEREIRA,3
MARIA DO SOCORRO XAVIER BATISTA,2
MARIA ELIANE MOREIRA FREIRE,4
MARIA ELIEIDY GOMES DE OLIVEIRA,5
MARIA ELIZABETH BALTAR CARNEIRO DE ALBUQUERQUE,5
MARIA ELIZETE GUIMARAES CARVALHO,2
MARIA EMILIA LIMEIRA LOPES,8
MARIA ESTER VIEIRA DE SOUSA,3
MARIA EULINA PESSOA DE CARVALHO,4
MARIA FABIANA BONFIM DE LIMA SILVA,2
MARIA FRANCO TRINDADE MEDEIROS,2
MARIA GARDENNIA DA FONSECA,4
MARIA HELENA CHAVES DE VASCONCELOS CATAO,6
MARIA IGNEZ NOVAIS AYALA,7
MARIA INES SUCUPIRA MACIEL,9
MARIA JOSE DE CARVALHO COSTA,6
MARIA JULIA GUIMARAES OLIVEIRA SOARES,5
MARIA LUCIA ABAURRE GNERRE,1
MARIA LUCIA DA SILVA NUNES,8
MARIA NAZARETH DE LIMA ARRAIS,3
MARIA REGINA BARACUHY LEITE,2
MARIA SUELY DA COSTA,2
MARIA VANICE LACERDA DE MELO BARBOSA,1
MARIA ZULEIDE DA COSTA PEREIRA,5
MARIANA LINS DE OLIVEIRA,2
MARIANA PIMENTA OLIVEIRA BACCARINI,1
MARIANNA VIEIRA SOBRAL,3
MARIANNE CARVALHO BEZERRA CAVALCANTE,5
MARIANO CASTRO NETO,4
MARILIA GABRIELA DOS SANTOS CAVALCANTI,1
MARINALVA DE SOUSA CONSERVA,5
MARINE RAQUEL DINIZ DA ROSA,6
MARINEUMA DE OLIVEIRA COSTA CAVALCANTI,5
MARIO CESAR UGULINO DE ARAUJO,10
MARIO EDUARDO RANGEL MOREIRA CAVALCANTI MATA,12
MARIO HENRIQUE GUEDES LADOSKY,3
MARISTELA OLIVEIRA DE ANDRADE,1
MARLUCE PEREIRA DA SILVA,1
MARTA CELIA DANTAS SILVA,2
MARTA MIRIAM LOPES COSTA,10
MARTA PRAGANA DANTAS,4
MARTA SUELY MADRUGA,4
MARTINHO GUEDES DOS SANTOS NETO,5
MARY CRISTINA FERREIRA ALVES,1
MARYNICE DE MEDEIROS MATOS AUTRAN,1
MATHEUS AUGUSTO DE BITTENCOURT PASQUALI,2
MATHEUS DA CRUZ E ZICA,1
MATHIAS WELLER,6
MAURA LUCIA FERNANDES PENNA,3
MAURICEIA ANANIAS,4
MAURICIO BELTRAO DE ROSSITER CORREA,7
MAURICIO SEKIGUCHI DE GODOY,2
MAURO GUILHERME PINHEIRO KOURY,1
MEIRY GLAUCIA FREIRE RODRIGUES,1
MELANIA NOBREGA PEREIRA DE FARIAS,2
MELYSSA KELLYANE CAVALCANTI GALDINO,2
MERCIA REJANE RANGEL BATISTA,1
MERCIA SANTOS DA CRUZ,5
MICHELLI KARINNE BARROS DA SILVA,4
MIGUEL MAURICIO ISONI,1
MIODELI NOGUEIRA JUNIOR,1
MIRIAM DA SILVA PEREIRA,2
MOAMA LORENA DE LACERDA MARQUES,2
MOEMA AMELIA SERPA LOPES DE SOUZA,2
MONICA BARROS DA NOBREGA,3
MONICA CARVALHO,8
MONICA CORREIA GONCALVES,1
MONICA DE AMORIM COURA,7
MONICA LOURDES FRANCH GUTIERREZ,8
MONICA MANO TRINDADE FERRAZ,3
MONICA OLIVEIRA DA SILVA SIMOES,4
MONICA TEJO CAVALCANTI,2
NACIB ANDRE GURGEL E ALBUQUERQUE,10
NADIA MARIA RIBEIRO SALOMAO,7
NADJA MARIA DA SILVA OLIVEIRA,3
NADY ROCHA,2
NAELZA DE ARAUJO WANDERLEY,2
NAGEL ALVES COSTA,1
NAILA FRANCIS PAULO DE OLIVEIRA,6
NAIR HELENA CASTRO ARRIEL,2
NATALY ALBUQUERQUE DOS SANTOS,4
NATANAEL ANTONIO DOS SANTOS,6
NATASHA CORREIA QUEIROZ LINO,2
NAZARENO FERREIRA DE ANDRADE,9
NELSON ELIEZER FERREIRA JUNIOR,1
NELSON TORRO ALVES,2
NERIZE LAURENTINO RAMOS,1
NEUSA COLLET,5
NEWTON DE OLIVEIRA LIMA,2
NILVANIA DOS SANTOS SILVA,2
NORMANDO PERAZZO BARBOSA,11
NOZANGELA MARIA ROLIM DANTAS,1
NUBIA SILVA DANTAS BRITO,4
OLAF ANDREAS BAKKE,1
OLAVO FRANCISCO DOS SANTOS JUNIOR,1
ORIANA DE NADAI FULANETI,3
ORLEANS SILVA MARTINS,3
OSVALDO SOARES DA SILVA,11
OTAVIO LUIS DE SANTANA,5
PABLO MARCEL DE ARRUDA TORRES,2
PABLO RIUL,1
PASCOAL TEOFILO CARVALHO GONCALVES,1
PATRICIA CARNEIRO SOUTO,1
PATRICIA CRISTINA DE ARAGAO,2
PATRICIA DUARTE DE LIMA MACHADO,4
PATRICIA HERMINIO CUNHA FEITOSA,2
PATRICIA MEIRA BENTO,4
PATRICIA MONTEIRO CRUZ MENDES,1
PATRICIA NUNES DA FONSECA,4
PATRICIA SERPA DE SOUZA BATISTA,4
PATRICIO ADRIANO DA ROCHA,1
PATRICIO BORGES MARACAJA,2
PATRICIO MARQUES DE SOUZA,4
PAULA ALVES BARBOSA COELHO,2
PAULO AGUIAR DO MONTE,8
PAULO AMILTON MAIA LEITE FILHO,7
PAULO CESAR GEGLIO,3
PAULO CESAR OLIVEIRA DINIZ,2
PAULO CESAR ZAMBRONI DE SOUZA,1
PAULO EDUARDO E SILVA BARBOSA,2
PAULO FERNANDO DE MOURA BEZERRA CAVALCANTI FILHO,2
PAULO GIOVANI ANTONINO NUNES,5
PAULO HENRIQUE DA FONSECA SILVA,5
PAULO HENRIQUE TAVARES DA SILVA,2
PAULO ROBERTO LOYOLLA KUHLMANN,2
PAULO ROBERTO NOBREGA CAVALCANTE,4
PAULO ROBERTO VIEIRA DE MELO,4
PAULO ROGERIO FERRETI BONAN,3
PEDRO DANTAS FERNANDES,6
PEDRO JOSE SANTOS CARNEIRO CRUZ,6
PERICLES REZENDE BARROS,1
PETRONIO FILGUEIRAS DE ATHAYDE FILHO,6
POLLIANNA MUNIZ ALVES,6
POLLYANA CAETANO RIBEIRO FERNANDES,1
PRISCILLA GONTIJO LEITE,5
RAFAEL FALEIROS DE PADUA,1
RAFAEL GROTTA GREMPEL,1
RAFAEL JOSE ALVES DO REGO BARROS,5
RAFAELLA QUEIROGA SOUTO,4
RAILDA SABINO FERNANDES ALVES,1
RAILENE HERICA CARLOS ROCHA ARAUJO,2
RAIMUNDO APRIGIO DE MENEZES JUNIOR,3
RAIMUNDO CARLOS SILVERIO FREIRE,7
RAINER CAMARA PATRIOTA,2
RAMSES NUNES E SILVA,1
RAPHAEL ABRAHAO,1
RAUNIRA DA COSTA ARAUJO,4
REGINA CELI MENDES PEREIRA DA SILVA,2
REGINA COELLI GOMES NASCIMENTO,1
REGINALDO GOMES NOBRE,5
REINALDO FARIAS PAIVA DE LUCENA,12
REINALDO NOBREGA DE ALMEIDA,5
REJANE MARIA NUNES MENDONCA,4
RENALDO TENORIO DE MOURA JUNIOR,1
RENATA DE SOUZA COELHO SOARES,1
RENATA PAES DE BARROS CAMARA,7
RENATE MARIA RAMOS WELLEN,9
RENATO ALEXANDRE COSTA DE SANTANA,2
RICARDO ALEXANDRE CAVALCANTI DE LIMA,3
RICARDO ALMEIDA DE MELO,2
RICARDO ALVES DE OLINDA,5
RICARDO ARLEN BURITI DA COSTA,2
RICARDO BARBOSA DE LUCENA,1
RICARDO DE FIGUEIREDO LUCENA,3
RICARDO DE SOUZA ROSA,2
RICARDO LOIOLA EDVAN,4
RICARDO OLIMPIO DE MOURA,2
RICARDO ROMAO GUERRA,3
RICELIA MARIA MARINHO SALES,2
RICHARDE MARQUES DA SILVA,12
RISELANE DE LUCENA ALCANTARA BRUNO,1
RITA DE CASSIA CAVALCANTI PORTO,1
RITA DE CASSIA DE FARIA PEREIRA,8
RITA DE CASSIA RAMOS DO EGYPTO QUEIROGA,4
RIUZUANI MICHELLE BEZERRA PEDROSA LOPES,3
RIVETE SILVA DE LIMA,3
ROBERIA NADIA ARAUJO NASCIMENTO,1
ROBERTO CALLEJAS BEDREGAL,5
ROBERTO CARLOS DE ASSIS,2
ROBERTO CLEITON FERNANDES DE QUEIROGA,6
ROBERTO GERMANO COSTA,6
ROBERTO VERAS DE OLIVEIRA,12
ROBSON COSTA CORDEIRO,2
ROBSON XAVIER DA COSTA,1
RODINEI MEDEIROS GOMES,9
RODRIGO COHEN MOTA NEMER,2
RODRIGO DE AZEREDO GRUNEWALD,5
RODRIGO FREIRE DE CARVALHO E SILVA,4
RODRIGO PINHEIRO DE TOLEDO VIANNA,9
ROGER RUBEN HUAMAN HUANCA,3
ROGERIA GAUDENCIO DO REGO,1
ROGERIO DE SOUZA MEDEIROS,4
ROGERIO HUMBERTO ZEFERINO NASCIMENTO,1
ROGERIO MAGNUS VARELA GONCALVES,4
ROGERIO SANTANA PERUCHI,1
ROHIT GHEYI,4
ROMILDO PEREIRA BRITO,8
ROMUALDO RODRIGUES MENEZES,10
ROMULO ADOLFO HERINGER FERREIRA,5
ROMULO RHEMO PALITOT BRAGA,6
ROMULO ROMEU DA NOBREGA ALVES,5
RONALDO BASTOS FRANCINI FILHO,4
RONALDO DO NASCIMENTO,6
RONALDO LAURENTINO DE SALES JUNIOR,1
RONEI MARCOS DE MORAES,3
ROSANA COSTA DE OLIVEIRA,3
ROSANGELA NERES ARAUJO DA SILVA,2
ROSE MARIA LEITE DE OLIVEIRA,1
ROSEANE CAVALCANTI DOS SANTOS,1
ROSEMBERG FERNANDES DE MENEZES,1
ROSILDA ALVES BEZERRA,8
ROSILENE AGRA DA SILVA,1
ROSIRES CATAO CURI,4
ROSSANA GUERRA DE SOUSA,1
ROSSANA MARIA FEITOSA DE FIGUEIREDO,12
ROSSANA MORENO SANTA CRUZ,2
ROSTAND EDSON OLIVEIRA COSTA,2
ROZENVAL DE ALMEIDA E SOUSA,1
RUBENS MARQUES DE LUCENA,2
RUBENS TEIXEIRA DE QUEIROZ,6
RUI DE OLIVEIRA,2
SABRINA GARCIA DE AQUINO,2
SAMIR ADAMOGLU DE OLIVEIRA,2
SAMIR PERRONE DE MIRANDA,3
SANDRA AMELIA LUNA CIRNE DE AZEVEDO,8
SANDRA APARECIDA DE ALMEIDA,1
SANDRA REGINA MOURA,1
SANDRA RODRIGUES MASCARENHAS,3
SANDRO MARDEN TORRES,6
SARA VILAR DANTAS SIMOES,5
SARAH MARIA ATHIE DE SOUZA,3
SAVIO ROBERTO FONSECA DE FREITAS,12
SAVIO TORRES DE FARIAS,2
SAYONARA MARIA LIA FOOK,1
SERGIO ANDRE FONTES AZEVEDO,6
SERGIO DAVILA LINS BEZERRA CAVALCANTI,3
SERGIO DE CARVALHO BEZERRA,1
SERGIO DE FARIA LOPES,3
SERGIO MURILO SANTOS DE ARAUJO,1
SERGIO RIBEIRO DOS SANTOS,3
SERGIO SANTOS DE AZEVEDO,10
SERIOJA RODRIGUES CORDEIRO MARIANO,2
SEVERINO BEZERRA DA SILVA,3
SEVERINO GONZAGA NETO,4
SEVERINO HORACIO DA SILVA,2
SEVERINO JOSE DE LIMA,2
SEVERINO RODRIGUES DE FARIAS NETO,7
SEVERINO SILVANO DOS SANTOS HIGINO,2
SHARLINE FLORENTINO DE MELO SANTOS,2
SHEYLA SUELY DE SOUZA SILVA,2
SHEYLLA DE KASSIA SILVA GALVAO,1
SIBELLE MARIA MARTINS DE BARROS,1
SILDIVANE VALCACIA SILVA,5
SILMAR ANDRADE DO MONTE,4
SILVANA CARNEIRO MACIEL,12
SILVANA LUCIENE DO NASCIMENTO CUNHA COSTA,5
SILVANA MARA DE MORAIS DOS SANTOS,1
SILVANDA DE MELO SILVA,6
SILVANIA DA CRUZ BARBOSA,3
SILVANIO DE ANDRADE,7
SILVIA GARCIA NOGUEIRA,2
SIMONE ALVES DE SOUSA,3
SIMONE DA SILVA SIMOES,1
SIMONE DÁLIA DE GUSMAO ARANHA,3
SIMONE HELENA DOS SANTOS OLIVEIRA,2
SIMONE MAGALHAES BRITO,12
SMALYANNA SGREN DA COSTA ANDRADE,3
SOCORRO CLAUDIA TAVARES DE SOUSA,5
SOLANGE DE SOUSA,5
SOLANGE FATIMA GERALDO DA COSTA,4
SOLANGE MARIA LEDER,4
SOLANGE PEREIRA DA ROCHA,3
SONIA MARIA CANDIDO DA SILVA,2
STEPHANIE INGRID SOUZA BARBOZA,1
SUEDINA MARIA DE LIMA SILVA,4
SUELI MEIRA LIEBIG,3
SUELIDIA MARIA CALACA,4
SUELLEN DUARTE DE OLIVEIRA MATOS,3
SUELLEN MARY MARINHO DOS SANTOS ANDRADE,2
SUELMA DE SOUZA MORAES,4
SURYA AARONOVICH POMBO DE BARROS,3
SUZANNE ERICA NOBREGA CORREIA,4
SUZETE ELIDA NOBREGA CORREIA,4
SVEN PETERKE,1
SWAMY DE PAULA LIMA SOARES,2
TALDEN QUEIROZ FARIAS,10
TANIA MARIA AUGUSTO PEREIRA,1
TANIA MARIA RIBEIRO MONTEIRO DE FIGUEIREDO,3
TANIA REGIA DE OLIVEIRA,1
TANIA RODRIGUES PALHANO,2
TARCIANA NOBRE DE MENEZES,3
TARCISO CABRAL DA SILVA,4
TATIANE SANTI GADELHA,2
TELMA CRISTINA DELGADO DIAS FERNANDES,4
TEMILCE SIMOES DE ASSIS CANTALICE,6
TERCALIA SUASSUNA VAZ LIRA,2
THAIS AUGUSTA CUNHA DE OLIVEIRA MAXIMO,2
THAIS GAUDENCIO DO REGO,1
THELMA LUCIA PEREIRA DIAS,2
THELMA MARIA GRISI VELOSO,3
THIAGO ALEXANDRE DAS NEVES ALMEIDA,2
THIAGO ANTONIO AVELLAR DE AQUINO,4
THIAGO JARDELINO DIAS,1
THIAGO LEITE DE MELO RUFFO,6
THIAGO LIMA DA SILVA,1
THIAGO PEREIRA FALCAO,3
TIAGO AUGUSTO LIMA CARDOSO,1
TIAGO BERNARDON DE OLIVEIRA,5
TIAGO LIMA MASSONI,2
TIAGO MARITAN UGULINO DE ARAUJO,2
TIAGO PEREIRA DO NASCIMENTO,2
TIBERIO ANDRADE DOS PASSOS,3
TIMOTHY DENIS IRELAND,2
TULIO SERGIO HENRIQUES FERREIRA,2
UBERLANDIO BATISTA SEVERO,7
UYGUACIARA VELOSO CASTELO BRANCO,2
VAGNA CRISTINA LEITE DA SILVA PEREIRA,6
VALDECIR BECKER,1
VALDERI DUARTE LEITE,8
VALDINEY VELOSO GOUVEIA,10
VALDIR BARBOSA BEZERRA,2
VALDIR DE ANDRADE BRAGA,2
VALNES DA SILVA RODRIGUES JUNIOR,1
VALQUIRIA CARDOSO DA SILVA FERREIRA,2
VALTER FERREIRA RODRIGUES,2
VANDA LUCIA DOS SANTOS,2
VANDENBERG LOPES VIEIRA,1
VANDERLAN FRANCISCO DA SILVA,6
VANDERSON GONCALVES CARNEIRO,4
VANESSA BATISTA SCHRAMM,1
VANESSA BORDIN VIERA,3
VANESSA NEVES RIAMBAU PINHEIRO,2
VANIA DA SILVA FRAGA,1
VENIA CAMELO DE SOUZA,3
VERA LUCIA ANTUNES DE LIMA,7
VERONICA MACARIO DE OLIVEIRA MOTTA,1
VERUSCHKA ESCARIAO DESSOLES MONTEIRO,1
VICENTE CARLOS DE OLIVEIRA COSTA,1
VICENTE DE PAULO RODRIGUES DA SILVA,6
VICTOR HUGO NEVES DE OLIVEIRA,2
VILMA FELIPE COSTA DE MELO,3
VINICIUS FARIAS MOREIRA,2
VINICIUS JOSE BACCIN MARTINS,1
VINICIUS LONGO RIBEIRO VILELA,8
VIRGINIA DE FATIMA BEZERRA NOGUEIRA,1
VIVEK NIGAM,1
VIVIAN GALDINO DE ANDRADE,2
WAGNER BRANDAO RAMOS,2
WAGNER DE MENDONCA FAUSTINO,1
WAGNER JUNQUEIRA DE ARAUJO,7
WAGNER SOARES FERNANDES DOS SANTOS,1
WALKER GOMES DE ALBUQUERQUE,1
WALLACE DUARTE FRAGOSO,2
WALLACE GOMES FERREIRA DE SOUZA,2
WALLACE PATRICK SANTOS DE FARIAS SOUZA,1
WALTER ESFRAIN PEREIRA,4
WAMBERTO JOSE LIRA DE QUEIROZ,1
WANDERLAN DA SILVA ALVES,1
WANDERLEY FERREIRA DE AMORIM JUNIOR,4
WASHINGTON LUIZ ARAUJO NEVES,5
WASHINGTON LUIZ DA SILVA VIEIRA,2
WASHINGTON SILVA DE FARIAS,2
WELLINGTON GOMES DE MEDEIROS,2
WENNER GLAUCIO LOPES LUCENA,2
WILLIAM DE PAIVA,8
WILLIAME FARIAS RIBEIRO,4
WILLIANY MIRANDA DA SILVA,2
WILSON HONORATO ARAGAO,3
WILTON PEREIRA DA SILVA,10
WILTON SILVA LOPES,7
WILTON WILNEY NASCIMENTO PADILHA,4
WYLLY ARAUJO DE OLIVEIRA,1
YURI PERCY MOLINA RODRIGUEZ,2
ZELIA MARIA DE ARRUDA SANTIAGO,2
ZELMA GLEBYA MACIEL QUIRINO,4
ZULMIRA NOBREGA PIVA DE CARVALHO,3
